Trait,h2r,standard_error,p-value
node_1,0.346908,0.0545598,1.36069e-10
node_2,0.530272,0.0471902,1.85007e-20
node_3,0.275823,0.0558363,1.52493e-08
node_4,0.27348,0.0558644,1.13572e-06
node_5,0.433999,0.0518267,1.78653e-14
node_6,0.22316,0.0562596,2.12882e-05
node_7,0.384611,0.0535397,4.68316e-11
node_8,0.276429,0.0558288,3.04635e-07
node_9,0.256211,0.0560447,4.04269e-07
node_10,0.335651,0.0548175,2.70592e-09
node_11,0.094447,0.0555183,0.0415915
node_12,0.248065,0.0561135,2.11551e-06
