Trait,h2r,standard_error,p-value
node_1,0.351043,0.0544597,8.89206e-11
node_2,0.501707,0.0487511,2.24519e-18
node_3,0.283232,0.0557416,1.10641e-08
node_4,0.264339,0.0559657,2.09967e-06
node_5,0.428759,0.0520292,2.74049e-14
node_6,0.224025,0.0562561,2.08069e-05
node_7,0.372591,0.0538914,1.54278e-10
node_8,0.300385,0.0554886,6.13504e-08
node_9,0.275372,0.0558417,1.73791e-07
node_10,0.332906,0.0548771,2.65614e-09
node_11,0.110728,0.0557479,0.0231929
node_12,0.227342,0.0562418,1.30777e-05
