Trait,h2r,standard_error,p-value
node_1,0.351626,0.0544454,8.12688e-11
node_2,0.502168,0.0487271,2.29707e-18
node_3,0.283521,0.0557377,1.11521e-08
node_4,0.26477,0.0559612,2.09273e-06
node_5,0.429151,0.0520143,2.71501e-14
node_6,0.22382,0.056257,2.12124e-05
node_7,0.374473,0.053838,1.29106e-10
node_8,0.299134,0.0555086,6.79738e-08
node_9,0.274512,0.0558521,1.83481e-07
node_10,0.333005,0.054875,2.75906e-09
node_11,0.109486,0.0557318,0.0242218
node_12,0.227291,0.056242,1.28111e-05
